"","0.7_var","0.7_mean","0.3_var","0.3_mean","0_var","0_mean","-0.5_var","-0.5_mean","-0.9_var","-0.9_mean"
"0",6.74722319128406e-07,0.499920740961936,4.09536804561059e-07,0.499910466131624,5.00047947891075e-07,0.499922915130366,5.31017165224826e-07,0.499940805433532,1.55236018826447e-06,0.49998228206462
"1",7.33982818879647e-07,0.706235404924617,5.16435978653526e-07,0.732490532585859,4.24649879608996e-07,0.760067300342628,9.11190497600742e-07,0.841351203170926,3.18115366868562e-06,0.987081516520137
"2",5.69941433668136e-07,0.861096616398807,2.84038362560538e-07,0.892723788537216,2.71457891249213e-07,0.921371879505544,6.99337464620326e-07,0.977265316073751,3.61951236103241e-06,0.999771565134837
"3",7.89328909060651e-07,0.948340388513094,2.76126943873293e-07,0.968773931058576,2.08818534436346e-07,0.983006265980133,6.56661565958007e-07,0.998532956187087,1.78118034218571e-06,0.999649834826374
"4",7.77919402039446e-07,0.985288434927792,2.26543620520689e-07,0.993452755104011,2.17056078287286e-07,0.997637981538958,4.83001095868087e-07,1.00021349161559,2.78235950277006e-06,0.999800551185034
