"","0.7_var","0.7_mean","0.3_var","0.3_mean","0_var","0_mean","-0.5_var","-0.5_mean","-0.9_var","-0.9_mean"
"0",0,0.5,0,0.5,0,0.5,0,0.5,0,0.5
"1",6.12973494897942e-08,0.70616445,8.418376132653e-08,0.73245217,5.79739266326528e-08,0.76027063,5.22678858163283e-08,0.84130437,8.05275510204158e-09,0.9873137
"2",5.88443703061208e-08,0.86094711,4.14483086734693e-08,0.89259255,3.33114682653057e-08,0.92131531,7.9302179591836e-09,0.97724508,2.57765306123414e-12,0.99999633
"3",3.05799413265292e-08,0.94812955,1.24542817346947e-08,0.96860417,9.00408581632556e-09,0.98307947,5.28269795918043e-10,0.99865416,0,1
"4",4.04230214285689e-09,0.98497767,3.74261112244885e-09,0.99344469,1.19207765306148e-09,0.99765817,1.82432653061018e-11,0.99996904,0,1
