"","gofTest.p","indTest.p"
"1",0.993552190273732,0.41412514569363
"2",0.273585247084515,0.376396945420809
